Tracking System,Energy Output (Wh)
dual_axis,450999.9908719138
single_axis,323125.6890420957
fixed_panel,286581.6751483189
