Tracking System,Energy Output (Wh)
dual_axis,1000479.013017854
single_axis,594331.0299765184
fixed_panel,526916.2164451664
