Tracking System,Energy Output (Wh)
dual_axis,811457.3695297469
single_axis,483126.28624599084
fixed_panel,405455.5798391785
